Entity,Code,Year,COâ‚‚ concentration (parts per million)
World,OWID_WRL,1,276.064
World,OWID_WRL,2,276.112
World,OWID_WRL,3,276.163
World,OWID_WRL,4,276.218
World,OWID_WRL,5,276.276
World,OWID_WRL,6,276.337
World,OWID_WRL,7,276.399
World,OWID_WRL,8,276.464
World,OWID_WRL,9,276.531
World,OWID_WRL,10,276.599
World,OWID_WRL,11,276.668
World,OWID_WRL,12,276.737
World,OWID_WRL,13,276.808
World,OWID_WRL,14,276.878
World,OWID_WRL,15,276.948
World,OWID_WRL,16,277.017
World,OWID_WRL,17,277.086
World,OWID_WRL,18,277.153
World,OWID_WRL,19,277.219
World,OWID_WRL,20,277.283
World,OWID_WRL,21,277.345
World,OWID_WRL,22,277.404
World,OWID_WRL,23,277.461
World,OWID_WRL,24,277.515
World,OWID_WRL,25,277.565
World,OWID_WRL,26,277.612
World,OWID_WRL,27,277.654
World,OWID_WRL,28,277.692
World,OWID_WRL,29,277.726
World,OWID_WRL,30,277.754
World,OWID_WRL,31,277.777
World,OWID_WRL,32,277.796
World,OWID_WRL,33,277.81
World,OWID_WRL,34,277.82
World,OWID_WRL,35,277.825
World,OWID_WRL,36,277.827
World,OWID_WRL,37,277.826
World,OWID_WRL,38,277.821
World,OWID_WRL,39,277.813
World,OWID_WRL,40,277.802
World,OWID_WRL,41,277.788
World,OWID_WRL,42,277.773
World,OWID_WRL,43,277.755
World,OWID_WRL,44,277.735
World,OWID_WRL,45,277.714
World,OWID_WRL,46,277.692
World,OWID_WRL,47,277.668
World,OWID_WRL,48,277.644
World,OWID_WRL,49,277.619
World,OWID_WRL,50,277.593
World,OWID_WRL,51,277.568
World,OWID_WRL,52,277.543
World,OWID_WRL,53,277.518
World,OWID_WRL,54,277.494
World,OWID_WRL,55,277.471
World,OWID_WRL,56,277.449
World,OWID_WRL,57,277.428
World,OWID_WRL,58,277.408
World,OWID_WRL,59,277.39
World,OWID_WRL,60,277.374
World,OWID_WRL,61,277.358
World,OWID_WRL,62,277.344
World,OWID_WRL,63,277.331
World,OWID_WRL,64,277.319
World,OWID_WRL,65,277.309
World,OWID_WRL,66,277.299
World,OWID_WRL,67,277.291
World,OWID_WRL,68,277.283
World,OWID_WRL,69,277.277
World,OWID_WRL,70,277.272
World,OWID_WRL,71,277.268
World,OWID_WRL,72,277.264
World,OWID_WRL,73,277.262
World,OWID_WRL,74,277.26
World,OWID_WRL,75,277.26
World,OWID_WRL,76,277.26
World,OWID_WRL,77,277.261
World,OWID_WRL,78,277.262
World,OWID_WRL,79,277.265
World,OWID_WRL,80,277.268
World,OWID_WRL,81,277.272
World,OWID_WRL,82,277.276
World,OWID_WRL,83,277.282
World,OWID_WRL,84,277.287
World,OWID_WRL,85,277.294
World,OWID_WRL,86,277.3
World,OWID_WRL,87,277.308
World,OWID_WRL,88,277.315
World,OWID_WRL,89,277.324
World,OWID_WRL,90,277.332
World,OWID_WRL,91,277.341
World,OWID_WRL,92,277.351
World,OWID_WRL,93,277.36
World,OWID_WRL,94,277.37
World,OWID_WRL,95,277.381
World,OWID_WRL,96,277.391
World,OWID_WRL,97,277.402
World,OWID_WRL,98,277.413
World,OWID_WRL,99,277.423
World,OWID_WRL,100,277.435
World,OWID_WRL,101,277.446
World,OWID_WRL,102,277.457
World,OWID_WRL,103,277.468
World,OWID_WRL,104,277.479
World,OWID_WRL,105,277.49
World,OWID_WRL,106,277.502
World,OWID_WRL,107,277.513
World,OWID_WRL,108,277.524
World,OWID_WRL,109,277.536
World,OWID_WRL,110,277.547
World,OWID_WRL,111,277.56
World,OWID_WRL,112,277.572
World,OWID_WRL,113,277.585
World,OWID_WRL,114,277.599
World,OWID_WRL,115,277.613
World,OWID_WRL,116,277.628
World,OWID_WRL,117,277.643
World,OWID_WRL,118,277.66
World,OWID_WRL,119,277.677
World,OWID_WRL,120,277.696
World,OWID_WRL,121,277.715
World,OWID_WRL,122,277.736
World,OWID_WRL,123,277.757
World,OWID_WRL,124,277.781
World,OWID_WRL,125,277.805
World,OWID_WRL,126,277.831
World,OWID_WRL,127,277.858
World,OWID_WRL,128,277.887
World,OWID_WRL,129,277.917
World,OWID_WRL,130,277.95
World,OWID_WRL,131,277.984
World,OWID_WRL,132,278.019
World,OWID_WRL,133,278.057
World,OWID_WRL,134,278.097
World,OWID_WRL,135,278.139
World,OWID_WRL,136,278.183
World,OWID_WRL,137,278.229
World,OWID_WRL,138,278.277
World,OWID_WRL,139,278.327
World,OWID_WRL,140,278.379
World,OWID_WRL,141,278.433
World,OWID_WRL,142,278.488
World,OWID_WRL,143,278.544
World,OWID_WRL,144,278.602
World,OWID_WRL,145,278.661
World,OWID_WRL,146,278.72
World,OWID_WRL,147,278.781
World,OWID_WRL,148,278.842
World,OWID_WRL,149,278.903
World,OWID_WRL,150,278.965
World,OWID_WRL,151,279.027
World,OWID_WRL,152,279.089
World,OWID_WRL,153,279.152
World,OWID_WRL,154,279.214
World,OWID_WRL,155,279.275
World,OWID_WRL,156,279.336
World,OWID_WRL,157,279.397
World,OWID_WRL,158,279.456
World,OWID_WRL,159,279.515
World,OWID_WRL,160,279.573
World,OWID_WRL,161,279.629
World,OWID_WRL,162,279.685
World,OWID_WRL,163,279.738
World,OWID_WRL,164,279.79
World,OWID_WRL,165,279.841
World,OWID_WRL,166,279.889
World,OWID_WRL,167,279.935
World,OWID_WRL,168,279.979
World,OWID_WRL,169,280.021
World,OWID_WRL,170,280.061
World,OWID_WRL,171,280.098
World,OWID_WRL,172,280.133
World,OWID_WRL,173,280.167
World,OWID_WRL,174,280.198
World,OWID_WRL,175,280.228
World,OWID_WRL,176,280.256
World,OWID_WRL,177,280.283
World,OWID_WRL,178,280.308
World,OWID_WRL,179,280.332
World,OWID_WRL,180,280.354
World,OWID_WRL,181,280.376
World,OWID_WRL,182,280.397
World,OWID_WRL,183,280.417
World,OWID_WRL,184,280.436
World,OWID_WRL,185,280.454
World,OWID_WRL,186,280.472
World,OWID_WRL,187,280.49
World,OWID_WRL,188,280.507
World,OWID_WRL,189,280.524
World,OWID_WRL,190,280.541
World,OWID_WRL,191,280.558
World,OWID_WRL,192,280.575
World,OWID_WRL,193,280.592
World,OWID_WRL,194,280.61
World,OWID_WRL,195,280.628
World,OWID_WRL,196,280.646
World,OWID_WRL,197,280.666
World,OWID_WRL,198,280.686
World,OWID_WRL,199,280.707
World,OWID_WRL,200,280.729
World,OWID_WRL,201,280.752
World,OWID_WRL,202,280.777
World,OWID_WRL,203,280.802
World,OWID_WRL,204,280.829
World,OWID_WRL,205,280.857
World,OWID_WRL,206,280.887
World,OWID_WRL,207,280.916
World,OWID_WRL,208,280.947
World,OWID_WRL,209,280.978
World,OWID_WRL,210,281.009
World,OWID_WRL,211,281.041
World,OWID_WRL,212,281.072
World,OWID_WRL,213,281.103
World,OWID_WRL,214,281.134
World,OWID_WRL,215,281.163
World,OWID_WRL,216,281.193
World,OWID_WRL,217,281.221
World,OWID_WRL,218,281.248
World,OWID_WRL,219,281.274
World,OWID_WRL,220,281.299
World,OWID_WRL,221,281.322
World,OWID_WRL,222,281.343
World,OWID_WRL,223,281.363
World,OWID_WRL,224,281.38
World,OWID_WRL,225,281.394
World,OWID_WRL,226,281.407
World,OWID_WRL,227,281.417
World,OWID_WRL,228,281.423
World,OWID_WRL,229,281.428
World,OWID_WRL,230,281.429
World,OWID_WRL,231,281.427
World,OWID_WRL,232,281.423
World,OWID_WRL,233,281.416
World,OWID_WRL,234,281.407
World,OWID_WRL,235,281.395
World,OWID_WRL,236,281.381
World,OWID_WRL,237,281.365
World,OWID_WRL,238,281.347
World,OWID_WRL,239,281.327
World,OWID_WRL,240,281.306
World,OWID_WRL,241,281.282
World,OWID_WRL,242,281.257
World,OWID_WRL,243,281.23
World,OWID_WRL,244,281.202
World,OWID_WRL,245,281.173
World,OWID_WRL,246,281.142
World,OWID_WRL,247,281.11
World,OWID_WRL,248,281.077
World,OWID_WRL,249,281.043
World,OWID_WRL,250,281.008
World,OWID_WRL,251,280.973
World,OWID_WRL,252,280.937
World,OWID_WRL,253,280.9
World,OWID_WRL,254,280.863
World,OWID_WRL,255,280.826
World,OWID_WRL,256,280.788
World,OWID_WRL,257,280.75
World,OWID_WRL,258,280.712
World,OWID_WRL,259,280.675
World,OWID_WRL,260,280.637
World,OWID_WRL,261,280.6
World,OWID_WRL,262,280.563
World,OWID_WRL,263,280.526
World,OWID_WRL,264,280.491
World,OWID_WRL,265,280.455
World,OWID_WRL,266,280.421
World,OWID_WRL,267,280.387
World,OWID_WRL,268,280.355
World,OWID_WRL,269,280.323
World,OWID_WRL,270,280.293
World,OWID_WRL,271,280.264
World,OWID_WRL,272,280.236
World,OWID_WRL,273,280.21
World,OWID_WRL,274,280.185
World,OWID_WRL,275,280.163
World,OWID_WRL,276,280.141
World,OWID_WRL,277,280.121
World,OWID_WRL,278,280.103
World,OWID_WRL,279,280.086
World,OWID_WRL,280,280.07
World,OWID_WRL,281,280.055
World,OWID_WRL,282,280.041
World,OWID_WRL,283,280.028
World,OWID_WRL,284,280.016
World,OWID_WRL,285,280.004
World,OWID_WRL,286,279.993
World,OWID_WRL,287,279.983
World,OWID_WRL,288,279.973
World,OWID_WRL,289,279.962
World,OWID_WRL,290,279.953
World,OWID_WRL,291,279.943
World,OWID_WRL,292,279.933
World,OWID_WRL,293,279.923
World,OWID_WRL,294,279.913
World,OWID_WRL,295,279.902
World,OWID_WRL,296,279.891
World,OWID_WRL,297,279.879
World,OWID_WRL,298,279.867
World,OWID_WRL,299,279.854
World,OWID_WRL,300,279.839
World,OWID_WRL,301,279.824
World,OWID_WRL,302,279.808
World,OWID_WRL,303,279.791
World,OWID_WRL,304,279.772
World,OWID_WRL,305,279.752
World,OWID_WRL,306,279.731
World,OWID_WRL,307,279.708
World,OWID_WRL,308,279.684
World,OWID_WRL,309,279.659
World,OWID_WRL,310,279.633
World,OWID_WRL,311,279.606
World,OWID_WRL,312,279.577
World,OWID_WRL,313,279.547
World,OWID_WRL,314,279.516
World,OWID_WRL,315,279.484
World,OWID_WRL,316,279.451
World,OWID_WRL,317,279.416
World,OWID_WRL,318,279.38
World,OWID_WRL,319,279.343
World,OWID_WRL,320,279.305
World,OWID_WRL,321,279.266
World,OWID_WRL,322,279.226
World,OWID_WRL,323,279.184
World,OWID_WRL,324,279.141
World,OWID_WRL,325,279.097
World,OWID_WRL,326,279.052
World,OWID_WRL,327,279.006
World,OWID_WRL,328,278.959
World,OWID_WRL,329,278.91
World,OWID_WRL,330,278.86
World,OWID_WRL,331,278.81
World,OWID_WRL,332,278.758
World,OWID_WRL,333,278.706
World,OWID_WRL,334,278.652
World,OWID_WRL,335,278.598
World,OWID_WRL,336,278.543
World,OWID_WRL,337,278.488
World,OWID_WRL,338,278.433
World,OWID_WRL,339,278.377
World,OWID_WRL,340,278.32
World,OWID_WRL,341,278.264
World,OWID_WRL,342,278.207
World,OWID_WRL,343,278.15
World,OWID_WRL,344,278.094
World,OWID_WRL,345,278.037
World,OWID_WRL,346,277.981
World,OWID_WRL,347,277.925
World,OWID_WRL,348,277.869
World,OWID_WRL,349,277.814
World,OWID_WRL,350,277.76
World,OWID_WRL,351,277.706
World,OWID_WRL,352,277.653
World,OWID_WRL,353,277.6
World,OWID_WRL,354,277.549
World,OWID_WRL,355,277.498
World,OWID_WRL,356,277.449
World,OWID_WRL,357,277.401
World,OWID_WRL,358,277.354
World,OWID_WRL,359,277.308
World,OWID_WRL,360,277.264
World,OWID_WRL,361,277.221
World,OWID_WRL,362,277.18
World,OWID_WRL,363,277.14
World,OWID_WRL,364,277.103
World,OWID_WRL,365,277.067
World,OWID_WRL,366,277.033
World,OWID_WRL,367,277.001
World,OWID_WRL,368,276.97
World,OWID_WRL,369,276.942
World,OWID_WRL,370,276.915
World,OWID_WRL,371,276.89
World,OWID_WRL,372,276.866
World,OWID_WRL,373,276.844
World,OWID_WRL,374,276.824
World,OWID_WRL,375,276.805
World,OWID_WRL,376,276.787
World,OWID_WRL,377,276.771
World,OWID_WRL,378,276.757
World,OWID_WRL,379,276.743
World,OWID_WRL,380,276.731
World,OWID_WRL,381,276.721
World,OWID_WRL,382,276.711
World,OWID_WRL,383,276.703
World,OWID_WRL,384,276.695
World,OWID_WRL,385,276.689
World,OWID_WRL,386,276.684
World,OWID_WRL,387,276.68
World,OWID_WRL,388,276.677
World,OWID_WRL,389,276.675
World,OWID_WRL,390,276.674
World,OWID_WRL,391,276.674
World,OWID_WRL,392,276.674
World,OWID_WRL,393,276.676
World,OWID_WRL,394,276.678
World,OWID_WRL,395,276.68
World,OWID_WRL,396,276.684
World,OWID_WRL,397,276.688
World,OWID_WRL,398,276.692
World,OWID_WRL,399,276.697
World,OWID_WRL,400,276.703
World,OWID_WRL,401,276.709
World,OWID_WRL,402,276.715
World,OWID_WRL,403,276.722
World,OWID_WRL,404,276.729
World,OWID_WRL,405,276.737
World,OWID_WRL,406,276.744
World,OWID_WRL,407,276.752
World,OWID_WRL,408,276.76
World,OWID_WRL,409,276.768
World,OWID_WRL,410,276.777
World,OWID_WRL,411,276.785
World,OWID_WRL,412,276.793
World,OWID_WRL,413,276.801
World,OWID_WRL,414,276.81
World,OWID_WRL,415,276.818
World,OWID_WRL,416,276.826
World,OWID_WRL,417,276.833
World,OWID_WRL,418,276.841
World,OWID_WRL,419,276.848
World,OWID_WRL,420,276.855
World,OWID_WRL,421,276.861
World,OWID_WRL,422,276.867
World,OWID_WRL,423,276.873
World,OWID_WRL,424,276.878
World,OWID_WRL,425,276.883
World,OWID_WRL,426,276.887
World,OWID_WRL,427,276.89
World,OWID_WRL,428,276.893
World,OWID_WRL,429,276.895
World,OWID_WRL,430,276.896
World,OWID_WRL,431,276.897
World,OWID_WRL,432,276.897
World,OWID_WRL,433,276.897
World,OWID_WRL,434,276.896
World,OWID_WRL,435,276.894
World,OWID_WRL,436,276.892
World,OWID_WRL,437,276.889
World,OWID_WRL,438,276.886
World,OWID_WRL,439,276.882
World,OWID_WRL,440,276.878
World,OWID_WRL,441,276.873
World,OWID_WRL,442,276.868
World,OWID_WRL,443,276.863
World,OWID_WRL,444,276.857
World,OWID_WRL,445,276.851
World,OWID_WRL,446,276.845
World,OWID_WRL,447,276.839
World,OWID_WRL,448,276.832
World,OWID_WRL,449,276.825
World,OWID_WRL,450,276.817
World,OWID_WRL,451,276.81
World,OWID_WRL,452,276.803
World,OWID_WRL,453,276.795
World,OWID_WRL,454,276.787
World,OWID_WRL,455,276.779
World,OWID_WRL,456,276.772
World,OWID_WRL,457,276.764
World,OWID_WRL,458,276.756
World,OWID_WRL,459,276.748
World,OWID_WRL,460,276.74
World,OWID_WRL,461,276.733
World,OWID_WRL,462,276.725
World,OWID_WRL,463,276.717
World,OWID_WRL,464,276.71
World,OWID_WRL,465,276.703
World,OWID_WRL,466,276.695
World,OWID_WRL,467,276.688
World,OWID_WRL,468,276.681
World,OWID_WRL,469,276.673
World,OWID_WRL,470,276.666
World,OWID_WRL,471,276.659
World,OWID_WRL,472,276.651
World,OWID_WRL,473,276.643
World,OWID_WRL,474,276.635
World,OWID_WRL,475,276.628
World,OWID_WRL,476,276.62
World,OWID_WRL,477,276.611
World,OWID_WRL,478,276.603
World,OWID_WRL,479,276.594
World,OWID_WRL,480,276.585
World,OWID_WRL,481,276.576
World,OWID_WRL,482,276.567
World,OWID_WRL,483,276.557
World,OWID_WRL,484,276.547
World,OWID_WRL,485,276.536
World,OWID_WRL,486,276.526
World,OWID_WRL,487,276.515
World,OWID_WRL,488,276.503
World,OWID_WRL,489,276.491
World,OWID_WRL,490,276.479
World,OWID_WRL,491,276.466
World,OWID_WRL,492,276.452
World,OWID_WRL,493,276.439
World,OWID_WRL,494,276.424
World,OWID_WRL,495,276.409
World,OWID_WRL,496,276.394
World,OWID_WRL,497,276.378
World,OWID_WRL,498,276.361
World,OWID_WRL,499,276.344
World,OWID_WRL,500,276.326
World,OWID_WRL,501,276.308
World,OWID_WRL,502,276.289
World,OWID_WRL,503,276.269
World,OWID_WRL,504,276.25
World,OWID_WRL,505,276.23
World,OWID_WRL,506,276.21
World,OWID_WRL,507,276.19
World,OWID_WRL,508,276.17
World,OWID_WRL,509,276.15
World,OWID_WRL,510,276.13
World,OWID_WRL,511,276.111
World,OWID_WRL,512,276.092
World,OWID_WRL,513,276.074
World,OWID_WRL,514,276.057
World,OWID_WRL,515,276.04
World,OWID_WRL,516,276.025
World,OWID_WRL,517,276.01
World,OWID_WRL,518,275.997
World,OWID_WRL,519,275.984
World,OWID_WRL,520,275.973
World,OWID_WRL,521,275.964
World,OWID_WRL,522,275.956
World,OWID_WRL,523,275.949
World,OWID_WRL,524,275.945
World,OWID_WRL,525,275.942
World,OWID_WRL,526,275.941
World,OWID_WRL,527,275.942
World,OWID_WRL,528,275.945
World,OWID_WRL,529,275.95
World,OWID_WRL,530,275.958
World,OWID_WRL,531,275.968
World,OWID_WRL,532,275.981
World,OWID_WRL,533,275.997
World,OWID_WRL,534,276.015
World,OWID_WRL,535,276.036
World,OWID_WRL,536,276.06
World,OWID_WRL,537,276.087
World,OWID_WRL,538,276.117
World,OWID_WRL,539,276.15
World,OWID_WRL,540,276.185
World,OWID_WRL,541,276.223
World,OWID_WRL,542,276.264
World,OWID_WRL,543,276.306
World,OWID_WRL,544,276.349
World,OWID_WRL,545,276.395
World,OWID_WRL,546,276.442
World,OWID_WRL,547,276.49
World,OWID_WRL,548,276.539
World,OWID_WRL,549,276.588
World,OWID_WRL,550,276.638
World,OWID_WRL,551,276.688
World,OWID_WRL,552,276.739
World,OWID_WRL,553,276.789
World,OWID_WRL,554,276.839
World,OWID_WRL,555,276.888
World,OWID_WRL,556,276.936
World,OWID_WRL,557,276.983
World,OWID_WRL,558,277.029
World,OWID_WRL,559,277.074
World,OWID_WRL,560,277.117
World,OWID_WRL,561,277.158
World,OWID_WRL,562,277.197
World,OWID_WRL,563,277.233
World,OWID_WRL,564,277.267
World,OWID_WRL,565,277.298
World,OWID_WRL,566,277.327
World,OWID_WRL,567,277.352
World,OWID_WRL,568,277.374
World,OWID_WRL,569,277.392
World,OWID_WRL,570,277.406
World,OWID_WRL,571,277.416
World,OWID_WRL,572,277.422
World,OWID_WRL,573,277.423
World,OWID_WRL,574,277.421
World,OWID_WRL,575,277.414
World,OWID_WRL,576,277.405
World,OWID_WRL,577,277.392
World,OWID_WRL,578,277.376
World,OWID_WRL,579,277.358
World,OWID_WRL,580,277.337
World,OWID_WRL,581,277.316
World,OWID_WRL,582,277.292
World,OWID_WRL,583,277.268
World,OWID_WRL,584,277.243
World,OWID_WRL,585,277.217
World,OWID_WRL,586,277.192
World,OWID_WRL,587,277.167
World,OWID_WRL,588,277.142
World,OWID_WRL,589,277.119
World,OWID_WRL,590,277.097
World,OWID_WRL,591,277.077
World,OWID_WRL,592,277.058
World,OWID_WRL,593,277.043
World,OWID_WRL,594,277.029
World,OWID_WRL,595,277.019
World,OWID_WRL,596,277.013
World,OWID_WRL,597,277.01
World,OWID_WRL,598,277.01
World,OWID_WRL,599,277.014
World,OWID_WRL,600,277.021
World,OWID_WRL,601,277.031
World,OWID_WRL,602,277.045
World,OWID_WRL,603,277.06
World,OWID_WRL,604,277.079
World,OWID_WRL,605,277.101
World,OWID_WRL,606,277.124
World,OWID_WRL,607,277.151
World,OWID_WRL,608,277.179
World,OWID_WRL,609,277.209
World,OWID_WRL,610,277.242
World,OWID_WRL,611,277.276
World,OWID_WRL,612,277.313
World,OWID_WRL,613,277.351
World,OWID_WRL,614,277.39
World,OWID_WRL,615,277.431
World,OWID_WRL,616,277.473
World,OWID_WRL,617,277.516
World,OWID_WRL,618,277.56
World,OWID_WRL,619,277.605
World,OWID_WRL,620,277.651
World,OWID_WRL,621,277.697
World,OWID_WRL,622,277.744
World,OWID_WRL,623,277.792
World,OWID_WRL,624,277.839
World,OWID_WRL,625,277.887
World,OWID_WRL,626,277.935
World,OWID_WRL,627,277.983
World,OWID_WRL,628,278.031
World,OWID_WRL,629,278.078
World,OWID_WRL,630,278.125
World,OWID_WRL,631,278.171
World,OWID_WRL,632,278.217
World,OWID_WRL,633,278.262
World,OWID_WRL,634,278.305
World,OWID_WRL,635,278.349
World,OWID_WRL,636,278.391
World,OWID_WRL,637,278.433
World,OWID_WRL,638,278.474
World,OWID_WRL,639,278.514
World,OWID_WRL,640,278.553
World,OWID_WRL,641,278.592
World,OWID_WRL,642,278.63
World,OWID_WRL,643,278.667
World,OWID_WRL,644,278.704
World,OWID_WRL,645,278.74
World,OWID_WRL,646,278.775
World,OWID_WRL,647,278.81
World,OWID_WRL,648,278.844
World,OWID_WRL,649,278.877
World,OWID_WRL,650,278.91
World,OWID_WRL,651,278.942
World,OWID_WRL,652,278.974
World,OWID_WRL,653,279.005
World,OWID_WRL,654,279.036
World,OWID_WRL,655,279.066
World,OWID_WRL,656,279.095
World,OWID_WRL,657,279.124
World,OWID_WRL,658,279.153
World,OWID_WRL,659,279.181
World,OWID_WRL,660,279.208
World,OWID_WRL,661,279.235
World,OWID_WRL,662,279.262
World,OWID_WRL,663,279.288
World,OWID_WRL,664,279.314
World,OWID_WRL,665,279.339
World,OWID_WRL,666,279.364
World,OWID_WRL,667,279.389
World,OWID_WRL,668,279.413
World,OWID_WRL,669,279.436
World,OWID_WRL,670,279.46
World,OWID_WRL,671,279.483
World,OWID_WRL,672,279.505
World,OWID_WRL,673,279.526
World,OWID_WRL,674,279.547
World,OWID_WRL,675,279.567
World,OWID_WRL,676,279.587
World,OWID_WRL,677,279.605
World,OWID_WRL,678,279.623
World,OWID_WRL,679,279.639
World,OWID_WRL,680,279.654
World,OWID_WRL,681,279.668
World,OWID_WRL,682,279.681
World,OWID_WRL,683,279.692
World,OWID_WRL,684,279.702
World,OWID_WRL,685,279.71
World,OWID_WRL,686,279.717
World,OWID_WRL,687,279.722
World,OWID_WRL,688,279.726
World,OWID_WRL,689,279.728
World,OWID_WRL,690,279.728
World,OWID_WRL,691,279.726
World,OWID_WRL,692,279.722
World,OWID_WRL,693,279.716
World,OWID_WRL,694,279.708
World,OWID_WRL,695,279.698
World,OWID_WRL,696,279.686
World,OWID_WRL,697,279.671
World,OWID_WRL,698,279.654
World,OWID_WRL,699,279.634
World,OWID_WRL,700,279.612
World,OWID_WRL,701,279.588
World,OWID_WRL,702,279.562
World,OWID_WRL,703,279.534
World,OWID_WRL,704,279.504
World,OWID_WRL,705,279.472
World,OWID_WRL,706,279.439
World,OWID_WRL,707,279.404
World,OWID_WRL,708,279.369
World,OWID_WRL,709,279.332
World,OWID_WRL,710,279.294
World,OWID_WRL,711,279.256
World,OWID_WRL,712,279.217
World,OWID_WRL,713,279.177
World,OWID_WRL,714,279.137
World,OWID_WRL,715,279.097
World,OWID_WRL,716,279.057
World,OWID_WRL,717,279.017
World,OWID_WRL,718,278.978
World,OWID_WRL,719,278.939
World,OWID_WRL,720,278.9
World,OWID_WRL,721,278.862
World,OWID_WRL,722,278.825
World,OWID_WRL,723,278.789
World,OWID_WRL,724,278.755
World,OWID_WRL,725,278.721
World,OWID_WRL,726,278.689
World,OWID_WRL,727,278.659
World,OWID_WRL,728,278.63
World,OWID_WRL,729,278.604
World,OWID_WRL,730,278.579
World,OWID_WRL,731,278.557
World,OWID_WRL,732,278.536
World,OWID_WRL,733,278.518
World,OWID_WRL,734,278.501
World,OWID_WRL,735,278.486
World,OWID_WRL,736,278.473
World,OWID_WRL,737,278.462
World,OWID_WRL,738,278.452
World,OWID_WRL,739,278.444
World,OWID_WRL,740,278.438
World,OWID_WRL,741,278.432
World,OWID_WRL,742,278.428
World,OWID_WRL,743,278.425
World,OWID_WRL,744,278.423
World,OWID_WRL,745,278.422
World,OWID_WRL,746,278.423
World,OWID_WRL,747,278.424
World,OWID_WRL,748,278.425
World,OWID_WRL,749,278.428
World,OWID_WRL,750,278.431
World,OWID_WRL,751,278.435
World,OWID_WRL,752,278.439
World,OWID_WRL,753,278.444
World,OWID_WRL,754,278.449
World,OWID_WRL,755,278.454
World,OWID_WRL,756,278.459
World,OWID_WRL,757,278.465
World,OWID_WRL,758,278.47
World,OWID_WRL,759,278.475
World,OWID_WRL,760,278.481
World,OWID_WRL,761,278.486
World,OWID_WRL,762,278.49
World,OWID_WRL,763,278.494
World,OWID_WRL,764,278.498
World,OWID_WRL,765,278.501
World,OWID_WRL,766,278.504
World,OWID_WRL,767,278.506
World,OWID_WRL,768,278.508
World,OWID_WRL,769,278.509
World,OWID_WRL,770,278.51
World,OWID_WRL,771,278.51
World,OWID_WRL,772,278.51
World,OWID_WRL,773,278.51
World,OWID_WRL,774,278.51
World,OWID_WRL,775,278.51
World,OWID_WRL,776,278.509
World,OWID_WRL,777,278.508
World,OWID_WRL,778,278.507
World,OWID_WRL,779,278.506
World,OWID_WRL,780,278.506
World,OWID_WRL,781,278.505
World,OWID_WRL,782,278.504
World,OWID_WRL,783,278.504
World,OWID_WRL,784,278.503
World,OWID_WRL,785,278.503
World,OWID_WRL,786,278.504
World,OWID_WRL,787,278.504
World,OWID_WRL,788,278.505
World,OWID_WRL,789,278.507
World,OWID_WRL,790,278.509
World,OWID_WRL,791,278.511
World,OWID_WRL,792,278.514
World,OWID_WRL,793,278.517
World,OWID_WRL,794,278.522
World,OWID_WRL,795,278.526
World,OWID_WRL,796,278.532
World,OWID_WRL,797,278.538
World,OWID_WRL,798,278.545
World,OWID_WRL,799,278.553
World,OWID_WRL,800,278.562
World,OWID_WRL,801,278.572
World,OWID_WRL,802,278.582
World,OWID_WRL,803,278.594
World,OWID_WRL,804,278.606
World,OWID_WRL,805,278.618
World,OWID_WRL,806,278.632
World,OWID_WRL,807,278.646
World,OWID_WRL,808,278.661
World,OWID_WRL,809,278.676
World,OWID_WRL,810,278.692
World,OWID_WRL,811,278.708
World,OWID_WRL,812,278.725
World,OWID_WRL,813,278.742
World,OWID_WRL,814,278.76
World,OWID_WRL,815,278.777
World,OWID_WRL,816,278.796
World,OWID_WRL,817,278.814
World,OWID_WRL,818,278.833
World,OWID_WRL,819,278.852
World,OWID_WRL,820,278.871
World,OWID_WRL,821,278.89
World,OWID_WRL,822,278.909
World,OWID_WRL,823,278.928
World,OWID_WRL,824,278.947
World,OWID_WRL,825,278.967
World,OWID_WRL,826,278.986
World,OWID_WRL,827,279.005
World,OWID_WRL,828,279.024
World,OWID_WRL,829,279.042
World,OWID_WRL,830,279.061
World,OWID_WRL,831,279.079
World,OWID_WRL,832,279.097
World,OWID_WRL,833,279.114
World,OWID_WRL,834,279.131
World,OWID_WRL,835,279.148
World,OWID_WRL,836,279.164
World,OWID_WRL,837,279.18
World,OWID_WRL,838,279.195
World,OWID_WRL,839,279.21
World,OWID_WRL,840,279.224
World,OWID_WRL,841,279.238
World,OWID_WRL,842,279.25
World,OWID_WRL,843,279.262
World,OWID_WRL,844,279.274
World,OWID_WRL,845,279.284
World,OWID_WRL,846,279.294
World,OWID_WRL,847,279.303
World,OWID_WRL,848,279.31
World,OWID_WRL,849,279.317
World,OWID_WRL,850,279.323
World,OWID_WRL,851,279.328
World,OWID_WRL,852,279.332
World,OWID_WRL,853,279.335
World,OWID_WRL,854,279.337
World,OWID_WRL,855,279.337
World,OWID_WRL,856,279.336
World,OWID_WRL,857,279.334
World,OWID_WRL,858,279.331
World,OWID_WRL,859,279.326
World,OWID_WRL,860,279.321
World,OWID_WRL,861,279.314
World,OWID_WRL,862,279.306
World,OWID_WRL,863,279.297
World,OWID_WRL,864,279.288
World,OWID_WRL,865,279.277
World,OWID_WRL,866,279.266
World,OWID_WRL,867,279.254
World,OWID_WRL,868,279.241
World,OWID_WRL,869,279.228
World,OWID_WRL,870,279.214
World,OWID_WRL,871,279.2
World,OWID_WRL,872,279.186
World,OWID_WRL,873,279.171
World,OWID_WRL,874,279.156
World,OWID_WRL,875,279.141
World,OWID_WRL,876,279.126
World,OWID_WRL,877,279.111
World,OWID_WRL,878,279.096
World,OWID_WRL,879,279.082
World,OWID_WRL,880,279.067
World,OWID_WRL,881,279.053
World,OWID_WRL,882,279.039
World,OWID_WRL,883,279.025
World,OWID_WRL,884,279.012
World,OWID_WRL,885,279
World,OWID_WRL,886,278.988
World,OWID_WRL,887,278.977
World,OWID_WRL,888,278.966
World,OWID_WRL,889,278.957
World,OWID_WRL,890,278.948
World,OWID_WRL,891,278.941
World,OWID_WRL,892,278.934
World,OWID_WRL,893,278.929
World,OWID_WRL,894,278.924
World,OWID_WRL,895,278.921
World,OWID_WRL,896,278.92
World,OWID_WRL,897,278.92
World,OWID_WRL,898,278.921
World,OWID_WRL,899,278.923
World,OWID_WRL,900,278.927
World,OWID_WRL,901,278.933
World,OWID_WRL,902,278.939
World,OWID_WRL,903,278.947
World,OWID_WRL,904,278.955
World,OWID_WRL,905,278.965
World,OWID_WRL,906,278.975
World,OWID_WRL,907,278.986
World,OWID_WRL,908,278.998
World,OWID_WRL,909,279.01
World,OWID_WRL,910,279.023
World,OWID_WRL,911,279.036
World,OWID_WRL,912,279.049
World,OWID_WRL,913,279.063
World,OWID_WRL,914,279.077
World,OWID_WRL,915,279.09
World,OWID_WRL,916,279.104
World,OWID_WRL,917,279.117
World,OWID_WRL,918,279.131
World,OWID_WRL,919,279.144
World,OWID_WRL,920,279.156
World,OWID_WRL,921,279.168
World,OWID_WRL,922,279.18
World,OWID_WRL,923,279.19
World,OWID_WRL,924,279.2
World,OWID_WRL,925,279.209
World,OWID_WRL,926,279.217
World,OWID_WRL,927,279.224
World,OWID_WRL,928,279.23
World,OWID_WRL,929,279.235
World,OWID_WRL,930,279.238
World,OWID_WRL,931,279.24
World,OWID_WRL,932,279.241
World,OWID_WRL,933,279.24
World,OWID_WRL,934,279.237
World,OWID_WRL,935,279.233
World,OWID_WRL,936,279.226
World,OWID_WRL,937,279.218
World,OWID_WRL,938,279.208
World,OWID_WRL,939,279.195
World,OWID_WRL,940,279.181
World,OWID_WRL,941,279.164
World,OWID_WRL,942,279.144
World,OWID_WRL,943,279.123
World,OWID_WRL,944,279.098
World,OWID_WRL,945,279.071
World,OWID_WRL,946,279.042
World,OWID_WRL,947,279.011
World,OWID_WRL,948,278.978
World,OWID_WRL,949,278.943
World,OWID_WRL,950,278.908
World,OWID_WRL,951,278.872
World,OWID_WRL,952,278.836
World,OWID_WRL,953,278.799
World,OWID_WRL,954,278.763
World,OWID_WRL,955,278.728
World,OWID_WRL,956,278.694
World,OWID_WRL,957,278.661
World,OWID_WRL,958,278.631
World,OWID_WRL,959,278.602
World,OWID_WRL,960,278.576
World,OWID_WRL,961,278.552
World,OWID_WRL,962,278.532
World,OWID_WRL,963,278.515
World,OWID_WRL,964,278.502
World,OWID_WRL,965,278.493
World,OWID_WRL,966,278.489
World,OWID_WRL,967,278.49
World,OWID_WRL,968,278.496
World,OWID_WRL,969,278.508
World,OWID_WRL,970,278.525
World,OWID_WRL,971,278.547
World,OWID_WRL,972,278.574
World,OWID_WRL,973,278.606
World,OWID_WRL,974,278.642
World,OWID_WRL,975,278.682
World,OWID_WRL,976,278.726
World,OWID_WRL,977,278.774
World,OWID_WRL,978,278.825
World,OWID_WRL,979,278.879
World,OWID_WRL,980,278.935
World,OWID_WRL,981,278.995
World,OWID_WRL,982,279.056
World,OWID_WRL,983,279.119
World,OWID_WRL,984,279.184
World,OWID_WRL,985,279.251
World,OWID_WRL,986,279.318
World,OWID_WRL,987,279.387
World,OWID_WRL,988,279.456
World,OWID_WRL,989,279.525
World,OWID_WRL,990,279.594
World,OWID_WRL,991,279.664
World,OWID_WRL,992,279.732
World,OWID_WRL,993,279.8
World,OWID_WRL,994,279.867
World,OWID_WRL,995,279.933
World,OWID_WRL,996,279.997
World,OWID_WRL,997,280.059
World,OWID_WRL,998,280.119
World,OWID_WRL,999,280.177
World,OWID_WRL,1000,280.232
World,OWID_WRL,1001,280.284
World,OWID_WRL,1002,280.333
World,OWID_WRL,1003,280.379
World,OWID_WRL,1004,280.421
World,OWID_WRL,1005,280.458
World,OWID_WRL,1006,280.492
World,OWID_WRL,1007,280.522
World,OWID_WRL,1008,280.548
World,OWID_WRL,1009,280.572
World,OWID_WRL,1010,280.592
World,OWID_WRL,1011,280.611
World,OWID_WRL,1012,280.627
World,OWID_WRL,1013,280.642
World,OWID_WRL,1014,280.657
World,OWID_WRL,1015,280.67
World,OWID_WRL,1016,280.684
World,OWID_WRL,1017,280.697
World,OWID_WRL,1018,280.712
World,OWID_WRL,1019,280.727
World,OWID_WRL,1020,280.743
World,OWID_WRL,1021,280.762
World,OWID_WRL,1022,280.783
World,OWID_WRL,1023,280.806
World,OWID_WRL,1024,280.833
World,OWID_WRL,1025,280.863
World,OWID_WRL,1026,280.896
World,OWID_WRL,1027,280.934
World,OWID_WRL,1028,280.975
World,OWID_WRL,1029,281.019
World,OWID_WRL,1030,281.067
World,OWID_WRL,1031,281.117
World,OWID_WRL,1032,281.17
World,OWID_WRL,1033,281.226
World,OWID_WRL,1034,281.283
World,OWID_WRL,1035,281.343
World,OWID_WRL,1036,281.404
World,OWID_WRL,1037,281.467
World,OWID_WRL,1038,281.531
World,OWID_WRL,1039,281.596
World,OWID_WRL,1040,281.662
World,OWID_WRL,1041,281.729
World,OWID_WRL,1042,281.796
World,OWID_WRL,1043,281.863
World,OWID_WRL,1044,281.931
World,OWID_WRL,1045,281.998
World,OWID_WRL,1046,282.064
World,OWID_WRL,1047,282.13
World,OWID_WRL,1048,282.194
World,OWID_WRL,1049,282.258
World,OWID_WRL,1050,282.32
World,OWID_WRL,1051,282.38
World,OWID_WRL,1052,282.439
World,OWID_WRL,1053,282.496
World,OWID_WRL,1054,282.55
World,OWID_WRL,1055,282.602
World,OWID_WRL,1056,282.651
World,OWID_WRL,1057,282.697
World,OWID_WRL,1058,282.739
World,OWID_WRL,1059,282.779
World,OWID_WRL,1060,282.815
World,OWID_WRL,1061,282.848
World,OWID_WRL,1062,282.877
World,OWID_WRL,1063,282.904
World,OWID_WRL,1064,282.928
World,OWID_WRL,1065,282.949
World,OWID_WRL,1066,282.968
World,OWID_WRL,1067,282.983
World,OWID_WRL,1068,282.997
World,OWID_WRL,1069,283.008
World,OWID_WRL,1070,283.017
World,OWID_WRL,1071,283.023
World,OWID_WRL,1072,283.028
World,OWID_WRL,1073,283.031
World,OWID_WRL,1074,283.032
World,OWID_WRL,1075,283.031
World,OWID_WRL,1076,283.029
World,OWID_WRL,1077,283.025
World,OWID_WRL,1078,283.02
World,OWID_WRL,1079,283.013
World,OWID_WRL,1080,283.006
World,OWID_WRL,1081,282.997
World,OWID_WRL,1082,282.987
World,OWID_WRL,1083,282.977
World,OWID_WRL,1084,282.966
World,OWID_WRL,1085,282.954
World,OWID_WRL,1086,282.942
World,OWID_WRL,1087,282.929
World,OWID_WRL,1088,282.916
World,OWID_WRL,1089,282.904
World,OWID_WRL,1090,282.89
World,OWID_WRL,1091,282.877
World,OWID_WRL,1092,282.864
World,OWID_WRL,1093,282.852
World,OWID_WRL,1094,282.839
World,OWID_WRL,1095,282.828
World,OWID_WRL,1096,282.816
World,OWID_WRL,1097,282.806
World,OWID_WRL,1098,282.796
World,OWID_WRL,1099,282.787
World,OWID_WRL,1100,282.78
World,OWID_WRL,1101,282.773
World,OWID_WRL,1102,282.768
World,OWID_WRL,1103,282.764
World,OWID_WRL,1104,282.761
World,OWID_WRL,1105,282.76
World,OWID_WRL,1106,282.761
World,OWID_WRL,1107,282.763
World,OWID_WRL,1108,282.767
World,OWID_WRL,1109,282.772
World,OWID_WRL,1110,282.78
World,OWID_WRL,1111,282.788
World,OWID_WRL,1112,282.798
World,OWID_WRL,1113,282.809
World,OWID_WRL,1114,282.822
World,OWID_WRL,1115,282.836
World,OWID_WRL,1116,282.851
World,OWID_WRL,1117,282.867
World,OWID_WRL,1118,282.885
World,OWID_WRL,1119,282.903
World,OWID_WRL,1120,282.922
World,OWID_WRL,1121,282.942
World,OWID_WRL,1122,282.964
World,OWID_WRL,1123,282.986
World,OWID_WRL,1124,283.008
World,OWID_WRL,1125,283.032
World,OWID_WRL,1126,283.056
World,OWID_WRL,1127,283.081
World,OWID_WRL,1128,283.106
World,OWID_WRL,1129,283.132
World,OWID_WRL,1130,283.158
World,OWID_WRL,1131,283.184
World,OWID_WRL,1132,283.211
World,OWID_WRL,1133,283.238
World,OWID_WRL,1134,283.266
World,OWID_WRL,1135,283.293
World,OWID_WRL,1136,283.321
World,OWID_WRL,1137,283.349
World,OWID_WRL,1138,283.377
World,OWID_WRL,1139,283.404
World,OWID_WRL,1140,283.432
World,OWID_WRL,1141,283.46
World,OWID_WRL,1142,283.487
World,OWID_WRL,1143,283.514
World,OWID_WRL,1144,283.541
World,OWID_WRL,1145,283.567
World,OWID_WRL,1146,283.593
World,OWID_WRL,1147,283.618
World,OWID_WRL,1148,283.643
World,OWID_WRL,1149,283.668
World,OWID_WRL,1150,283.691
World,OWID_WRL,1151,283.714
World,OWID_WRL,1152,283.736
World,OWID_WRL,1153,283.758
World,OWID_WRL,1154,283.778
World,OWID_WRL,1155,283.798
World,OWID_WRL,1156,283.817
World,OWID_WRL,1157,283.834
World,OWID_WRL,1158,283.851
World,OWID_WRL,1159,283.866
World,OWID_WRL,1160,283.881
World,OWID_WRL,1161,283.894
World,OWID_WRL,1162,283.906
World,OWID_WRL,1163,283.916
World,OWID_WRL,1164,283.926
World,OWID_WRL,1165,283.935
World,OWID_WRL,1166,283.942
World,OWID_WRL,1167,283.948
World,OWID_WRL,1168,283.954
World,OWID_WRL,1169,283.958
World,OWID_WRL,1170,283.961
World,OWID_WRL,1171,283.964
World,OWID_WRL,1172,283.965
World,OWID_WRL,1173,283.966
World,OWID_WRL,1174,283.965
World,OWID_WRL,1175,283.964
World,OWID_WRL,1176,283.962
World,OWID_WRL,1177,283.959
World,OWID_WRL,1178,283.955
World,OWID_WRL,1179,283.951
World,OWID_WRL,1180,283.946
World,OWID_WRL,1181,283.94
World,OWID_WRL,1182,283.933
World,OWID_WRL,1183,283.926
World,OWID_WRL,1184,283.918
World,OWID_WRL,1185,283.909
World,OWID_WRL,1186,283.9
World,OWID_WRL,1187,283.89
World,OWID_WRL,1188,283.88
World,OWID_WRL,1189,283.869
World,OWID_WRL,1190,283.858
World,OWID_WRL,1191,283.846
World,OWID_WRL,1192,283.833
World,OWID_WRL,1193,283.82
World,OWID_WRL,1194,283.807
World,OWID_WRL,1195,283.794
World,OWID_WRL,1196,283.78
World,OWID_WRL,1197,283.766
World,OWID_WRL,1198,283.751
World,OWID_WRL,1199,283.736
World,OWID_WRL,1200,283.721
World,OWID_WRL,1201,283.706
World,OWID_WRL,1202,283.69
World,OWID_WRL,1203,283.674
World,OWID_WRL,1204,283.658
World,OWID_WRL,1205,283.642
World,OWID_WRL,1206,283.626
World,OWID_WRL,1207,283.61
World,OWID_WRL,1208,283.593
World,OWID_WRL,1209,283.577
World,OWID_WRL,1210,283.56
World,OWID_WRL,1211,283.544
World,OWID_WRL,1212,283.527
World,OWID_WRL,1213,283.51
World,OWID_WRL,1214,283.492
World,OWID_WRL,1215,283.475
World,OWID_WRL,1216,283.457
World,OWID_WRL,1217,283.439
World,OWID_WRL,1218,283.42
World,OWID_WRL,1219,283.401
World,OWID_WRL,1220,283.382
World,OWID_WRL,1221,283.362
World,OWID_WRL,1222,283.342
World,OWID_WRL,1223,283.322
World,OWID_WRL,1224,283.3
World,OWID_WRL,1225,283.279
World,OWID_WRL,1226,283.256
World,OWID_WRL,1227,283.233
World,OWID_WRL,1228,283.21
World,OWID_WRL,1229,283.186
World,OWID_WRL,1230,283.161
World,OWID_WRL,1231,283.135
World,OWID_WRL,1232,283.109
World,OWID_WRL,1233,283.082
World,OWID_WRL,1234,283.054
World,OWID_WRL,1235,283.025
World,OWID_WRL,1236,282.995
World,OWID_WRL,1237,282.964
World,OWID_WRL,1238,282.933
World,OWID_WRL,1239,282.901
World,OWID_WRL,1240,282.867
World,OWID_WRL,1241,282.833
World,OWID_WRL,1242,282.797
World,OWID_WRL,1243,282.761
World,OWID_WRL,1244,282.723
World,OWID_WRL,1245,282.684
World,OWID_WRL,1246,282.644
World,OWID_WRL,1247,282.603
World,OWID_WRL,1248,282.561
World,OWID_WRL,1249,282.517
World,OWID_WRL,1250,282.472
World,OWID_WRL,1251,282.426
World,OWID_WRL,1252,282.378
World,OWID_WRL,1253,282.329
World,OWID_WRL,1254,282.279
World,OWID_WRL,1255,282.227
World,OWID_WRL,1256,282.174
World,OWID_WRL,1257,282.12
World,OWID_WRL,1258,282.063
World,OWID_WRL,1259,282.006
World,OWID_WRL,1260,281.947
World,OWID_WRL,1261,281.888
World,OWID_WRL,1262,281.829
World,OWID_WRL,1263,281.769
World,OWID_WRL,1264,281.71
World,OWID_WRL,1265,281.652
World,OWID_WRL,1266,281.595
World,OWID_WRL,1267,281.539
World,OWID_WRL,1268,281.485
World,OWID_WRL,1269,281.433
World,OWID_WRL,1270,281.384
World,OWID_WRL,1271,281.338
World,OWID_WRL,1272,281.295
World,OWID_WRL,1273,281.256
World,OWID_WRL,1274,281.221
World,OWID_WRL,1275,281.19
World,OWID_WRL,1276,281.164
World,OWID_WRL,1277,281.142
World,OWID_WRL,1278,281.126
World,OWID_WRL,1279,281.113
World,OWID_WRL,1280,281.105
World,OWID_WRL,1281,281.101
World,OWID_WRL,1282,281.101
World,OWID_WRL,1283,281.103
World,OWID_WRL,1284,281.109
World,OWID_WRL,1285,281.118
World,OWID_WRL,1286,281.129
World,OWID_WRL,1287,281.142
World,OWID_WRL,1288,281.158
World,OWID_WRL,1289,281.175
World,OWID_WRL,1290,281.193
World,OWID_WRL,1291,281.213
World,OWID_WRL,1292,281.234
World,OWID_WRL,1293,281.256
World,OWID_WRL,1294,281.278
World,OWID_WRL,1295,281.3
World,OWID_WRL,1296,281.322
World,OWID_WRL,1297,281.343
World,OWID_WRL,1298,281.364
World,OWID_WRL,1299,281.384
World,OWID_WRL,1300,281.403
World,OWID_WRL,1301,281.42
World,OWID_WRL,1302,281.435
World,OWID_WRL,1303,281.449
World,OWID_WRL,1304,281.46
World,OWID_WRL,1305,281.469
World,OWID_WRL,1306,281.475
World,OWID_WRL,1307,281.478
World,OWID_WRL,1308,281.478
World,OWID_WRL,1309,281.475
World,OWID_WRL,1310,281.469
World,OWID_WRL,1311,281.46
World,OWID_WRL,1312,281.448
World,OWID_WRL,1313,281.434
World,OWID_WRL,1314,281.417
World,OWID_WRL,1315,281.398
World,OWID_WRL,1316,281.376
World,OWID_WRL,1317,281.353
World,OWID_WRL,1318,281.327
World,OWID_WRL,1319,281.3
World,OWID_WRL,1320,281.27
World,OWID_WRL,1321,281.239
World,OWID_WRL,1322,281.206
World,OWID_WRL,1323,281.172
World,OWID_WRL,1324,281.136
World,OWID_WRL,1325,281.099
World,OWID_WRL,1326,281.06
World,OWID_WRL,1327,281.021
World,OWID_WRL,1328,280.981
World,OWID_WRL,1329,280.939
World,OWID_WRL,1330,280.897
World,OWID_WRL,1331,280.855
World,OWID_WRL,1332,280.811
World,OWID_WRL,1333,280.767
World,OWID_WRL,1334,280.723
World,OWID_WRL,1335,280.679
World,OWID_WRL,1336,280.635
World,OWID_WRL,1337,280.59
World,OWID_WRL,1338,280.546
World,OWID_WRL,1339,280.502
World,OWID_WRL,1340,280.457
World,OWID_WRL,1341,280.414
World,OWID_WRL,1342,280.371
World,OWID_WRL,1343,280.329
World,OWID_WRL,1344,280.287
World,OWID_WRL,1345,280.246
World,OWID_WRL,1346,280.206
World,OWID_WRL,1347,280.167
World,OWID_WRL,1348,280.13
World,OWID_WRL,1349,280.093
World,OWID_WRL,1350,280.058
World,OWID_WRL,1351,280.024
World,OWID_WRL,1352,279.992
World,OWID_WRL,1353,279.961
World,OWID_WRL,1354,279.932
World,OWID_WRL,1355,279.904
World,OWID_WRL,1356,279.877
World,OWID_WRL,1357,279.851
World,OWID_WRL,1358,279.827
World,OWID_WRL,1359,279.803
World,OWID_WRL,1360,279.781
World,OWID_WRL,1361,279.76
World,OWID_WRL,1362,279.74
World,OWID_WRL,1363,279.722
World,OWID_WRL,1364,279.704
World,OWID_WRL,1365,279.688
World,OWID_WRL,1366,279.672
World,OWID_WRL,1367,279.657
World,OWID_WRL,1368,279.643
World,OWID_WRL,1369,279.631
World,OWID_WRL,1370,279.619
World,OWID_WRL,1371,279.608
World,OWID_WRL,1372,279.597
World,OWID_WRL,1373,279.588
World,OWID_WRL,1374,279.579
World,OWID_WRL,1375,279.571
World,OWID_WRL,1376,279.564
World,OWID_WRL,1377,279.557
World,OWID_WRL,1378,279.551
World,OWID_WRL,1379,279.546
World,OWID_WRL,1380,279.541
World,OWID_WRL,1381,279.537
World,OWID_WRL,1382,279.534
World,OWID_WRL,1383,279.531
World,OWID_WRL,1384,279.528
World,OWID_WRL,1385,279.526
World,OWID_WRL,1386,279.524
World,OWID_WRL,1387,279.522
World,OWID_WRL,1388,279.521
World,OWID_WRL,1389,279.521
World,OWID_WRL,1390,279.52
World,OWID_WRL,1391,279.52
World,OWID_WRL,1392,279.52
World,OWID_WRL,1393,279.52
World,OWID_WRL,1394,279.521
World,OWID_WRL,1395,279.522
World,OWID_WRL,1396,279.522
World,OWID_WRL,1397,279.523
World,OWID_WRL,1398,279.524
World,OWID_WRL,1399,279.525
World,OWID_WRL,1400,279.526
World,OWID_WRL,1401,279.527
World,OWID_WRL,1402,279.528
World,OWID_WRL,1403,279.529
World,OWID_WRL,1404,279.529
World,OWID_WRL,1405,279.53
World,OWID_WRL,1406,279.53
World,OWID_WRL,1407,279.531
World,OWID_WRL,1408,279.531
World,OWID_WRL,1409,279.53
World,OWID_WRL,1410,279.53
World,OWID_WRL,1411,279.529
World,OWID_WRL,1412,279.528
World,OWID_WRL,1413,279.527
World,OWID_WRL,1414,279.529
World,OWID_WRL,1415,279.534
World,OWID_WRL,1416,279.544
World,OWID_WRL,1417,279.561
World,OWID_WRL,1418,279.586
World,OWID_WRL,1419,279.62
World,OWID_WRL,1420,279.665
World,OWID_WRL,1421,279.723
World,OWID_WRL,1422,279.794
World,OWID_WRL,1423,279.88
World,OWID_WRL,1424,279.983
World,OWID_WRL,1425,280.104
World,OWID_WRL,1426,280.245
World,OWID_WRL,1427,280.407
World,OWID_WRL,1428,280.591
World,OWID_WRL,1429,280.8
World,OWID_WRL,1430,281.032
World,OWID_WRL,1431,281.276
World,OWID_WRL,1432,281.516
World,OWID_WRL,1433,281.747
World,OWID_WRL,1434,281.97
World,OWID_WRL,1435,282.185
World,OWID_WRL,1436,282.393
World,OWID_WRL,1437,282.592
World,OWID_WRL,1438,282.784
World,OWID_WRL,1439,282.969
World,OWID_WRL,1440,283.146
World,OWID_WRL,1441,283.315
World,OWID_WRL,1442,283.478
World,OWID_WRL,1443,283.633
World,OWID_WRL,1444,283.782
World,OWID_WRL,1445,283.923
World,OWID_WRL,1446,284.058
World,OWID_WRL,1447,284.186
World,OWID_WRL,1448,284.308
World,OWID_WRL,1449,284.423
World,OWID_WRL,1450,284.532
World,OWID_WRL,1451,284.634
World,OWID_WRL,1452,284.73
World,OWID_WRL,1453,284.821
World,OWID_WRL,1454,284.905
World,OWID_WRL,1455,284.984
World,OWID_WRL,1456,285.056
World,OWID_WRL,1457,285.124
World,OWID_WRL,1458,285.185
World,OWID_WRL,1459,285.241
World,OWID_WRL,1460,285.293
World,OWID_WRL,1461,285.338
World,OWID_WRL,1462,285.379
World,OWID_WRL,1463,285.415
World,OWID_WRL,1464,285.445
World,OWID_WRL,1465,285.471
World,OWID_WRL,1466,285.493
World,OWID_WRL,1467,285.51
World,OWID_WRL,1468,285.522
World,OWID_WRL,1469,285.53
World,OWID_WRL,1470,285.534
World,OWID_WRL,1471,285.534
World,OWID_WRL,1472,285.529
World,OWID_WRL,1473,285.521
World,OWID_WRL,1474,285.509
World,OWID_WRL,1475,285.493
World,OWID_WRL,1476,285.474
World,OWID_WRL,1477,285.451
World,OWID_WRL,1478,285.425
World,OWID_WRL,1479,285.395
World,OWID_WRL,1480,285.362
World,OWID_WRL,1481,285.327
World,OWID_WRL,1482,285.288
World,OWID_WRL,1483,285.246
World,OWID_WRL,1484,285.202
World,OWID_WRL,1485,285.154
World,OWID_WRL,1486,285.105
World,OWID_WRL,1487,285.053
World,OWID_WRL,1488,284.998
World,OWID_WRL,1489,284.942
World,OWID_WRL,1490,284.883
World,OWID_WRL,1491,284.822
World,OWID_WRL,1492,284.76
World,OWID_WRL,1493,284.695
World,OWID_WRL,1494,284.629
World,OWID_WRL,1495,284.561
World,OWID_WRL,1496,284.492
World,OWID_WRL,1497,284.421
World,OWID_WRL,1498,284.35
World,OWID_WRL,1499,284.276
World,OWID_WRL,1500,284.202
World,OWID_WRL,1501,284.127
World,OWID_WRL,1502,284.051
World,OWID_WRL,1503,283.975
World,OWID_WRL,1504,283.897
World,OWID_WRL,1505,283.82
World,OWID_WRL,1506,283.741
World,OWID_WRL,1507,283.663
World,OWID_WRL,1508,283.584
World,OWID_WRL,1509,283.505
World,OWID_WRL,1510,283.426
World,OWID_WRL,1511,283.347
World,OWID_WRL,1512,283.269
World,OWID_WRL,1513,283.19
World,OWID_WRL,1514,283.113
World,OWID_WRL,1515,283.035
World,OWID_WRL,1516,282.958
World,OWID_WRL,1517,282.882
World,OWID_WRL,1518,282.807
World,OWID_WRL,1519,282.733
World,OWID_WRL,1520,282.66
World,OWID_WRL,1521,282.588
World,OWID_WRL,1522,282.517
World,OWID_WRL,1523,282.448
World,OWID_WRL,1524,282.38
World,OWID_WRL,1525,282.314
World,OWID_WRL,1526,282.249
World,OWID_WRL,1527,282.187
World,OWID_WRL,1528,282.126
World,OWID_WRL,1529,282.067
World,OWID_WRL,1530,282.01
World,OWID_WRL,1531,281.956
World,OWID_WRL,1532,281.903
World,OWID_WRL,1533,281.854
World,OWID_WRL,1534,281.806
World,OWID_WRL,1535,281.762
World,OWID_WRL,1536,281.72
World,OWID_WRL,1537,281.681
World,OWID_WRL,1538,281.645
World,OWID_WRL,1539,281.612
World,OWID_WRL,1540,281.582
World,OWID_WRL,1541,281.556
World,OWID_WRL,1542,281.533
World,OWID_WRL,1543,281.513
World,OWID_WRL,1544,281.497
World,OWID_WRL,1545,281.485
World,OWID_WRL,1546,281.476
World,OWID_WRL,1547,281.472
World,OWID_WRL,1548,281.471
World,OWID_WRL,1549,281.475
World,OWID_WRL,1550,281.483
World,OWID_WRL,1551,281.495
World,OWID_WRL,1552,281.511
World,OWID_WRL,1553,281.532
World,OWID_WRL,1554,281.558
World,OWID_WRL,1555,281.589
World,OWID_WRL,1556,281.624
World,OWID_WRL,1557,281.664
World,OWID_WRL,1558,281.71
World,OWID_WRL,1559,281.761
World,OWID_WRL,1560,281.817
World,OWID_WRL,1561,281.878
World,OWID_WRL,1562,281.944
World,OWID_WRL,1563,282.013
World,OWID_WRL,1564,282.084
World,OWID_WRL,1565,282.156
World,OWID_WRL,1566,282.226
World,OWID_WRL,1567,282.295
World,OWID_WRL,1568,282.36
World,OWID_WRL,1569,282.42
World,OWID_WRL,1570,282.474
World,OWID_WRL,1571,282.52
World,OWID_WRL,1572,282.558
World,OWID_WRL,1573,282.584
World,OWID_WRL,1574,282.599
World,OWID_WRL,1575,282.602
World,OWID_WRL,1576,282.589
World,OWID_WRL,1577,282.561
World,OWID_WRL,1578,282.516
World,OWID_WRL,1579,282.452
World,OWID_WRL,1580,282.368
World,OWID_WRL,1581,282.263
World,OWID_WRL,1582,282.135
World,OWID_WRL,1583,281.984
World,OWID_WRL,1584,281.807
World,OWID_WRL,1585,281.603
World,OWID_WRL,1586,281.372
World,OWID_WRL,1587,281.11
World,OWID_WRL,1588,280.818
World,OWID_WRL,1589,280.495
World,OWID_WRL,1590,280.141
World,OWID_WRL,1591,279.761
World,OWID_WRL,1592,279.358
World,OWID_WRL,1593,278.935
World,OWID_WRL,1594,278.497
World,OWID_WRL,1595,278.047
World,OWID_WRL,1596,277.588
World,OWID_WRL,1597,277.125
World,OWID_WRL,1598,276.66
World,OWID_WRL,1599,276.198
World,OWID_WRL,1600,275.741
World,OWID_WRL,1601,275.294
World,OWID_WRL,1602,274.86
World,OWID_WRL,1603,274.443
World,OWID_WRL,1604,274.046
World,OWID_WRL,1605,273.672
World,OWID_WRL,1606,273.326
World,OWID_WRL,1607,273.012
World,OWID_WRL,1608,272.732
World,OWID_WRL,1609,272.49
World,OWID_WRL,1610,272.29
World,OWID_WRL,1611,272.135
World,OWID_WRL,1612,272.025
World,OWID_WRL,1613,271.958
World,OWID_WRL,1614,271.93
World,OWID_WRL,1615,271.939
World,OWID_WRL,1616,271.982
World,OWID_WRL,1617,272.057
World,OWID_WRL,1618,272.16
World,OWID_WRL,1619,272.289
World,OWID_WRL,1620,272.441
World,OWID_WRL,1621,272.614
World,OWID_WRL,1622,272.803
World,OWID_WRL,1623,273.008
World,OWID_WRL,1624,273.224
World,OWID_WRL,1625,273.45
World,OWID_WRL,1626,273.682
World,OWID_WRL,1627,273.918
World,OWID_WRL,1628,274.155
World,OWID_WRL,1629,274.389
World,OWID_WRL,1630,274.62
World,OWID_WRL,1631,274.845
World,OWID_WRL,1632,275.065
World,OWID_WRL,1633,275.279
World,OWID_WRL,1634,275.486
World,OWID_WRL,1635,275.685
World,OWID_WRL,1636,275.877
World,OWID_WRL,1637,276.06
World,OWID_WRL,1638,276.233
World,OWID_WRL,1639,276.397
World,OWID_WRL,1640,276.55
World,OWID_WRL,1641,276.693
World,OWID_WRL,1642,276.825
World,OWID_WRL,1643,276.946
World,OWID_WRL,1644,277.057
World,OWID_WRL,1645,277.158
World,OWID_WRL,1646,277.25
World,OWID_WRL,1647,277.332
World,OWID_WRL,1648,277.406
World,OWID_WRL,1649,277.47
World,OWID_WRL,1650,277.526
World,OWID_WRL,1651,277.574
World,OWID_WRL,1652,277.615
World,OWID_WRL,1653,277.647
World,OWID_WRL,1654,277.673
World,OWID_WRL,1655,277.691
World,OWID_WRL,1656,277.703
World,OWID_WRL,1657,277.709
World,OWID_WRL,1658,277.708
World,OWID_WRL,1659,277.702
World,OWID_WRL,1660,277.69
World,OWID_WRL,1661,277.673
World,OWID_WRL,1662,277.651
World,OWID_WRL,1663,277.624
World,OWID_WRL,1664,277.594
World,OWID_WRL,1665,277.559
World,OWID_WRL,1666,277.52
World,OWID_WRL,1667,277.478
World,OWID_WRL,1668,277.433
World,OWID_WRL,1669,277.385
World,OWID_WRL,1670,277.335
World,OWID_WRL,1671,277.283
World,OWID_WRL,1672,277.228
World,OWID_WRL,1673,277.172
World,OWID_WRL,1674,277.114
World,OWID_WRL,1675,277.056
World,OWID_WRL,1676,276.996
World,OWID_WRL,1677,276.937
World,OWID_WRL,1678,276.877
World,OWID_WRL,1679,276.817
World,OWID_WRL,1680,276.757
World,OWID_WRL,1681,276.699
World,OWID_WRL,1682,276.641
World,OWID_WRL,1683,276.585
World,OWID_WRL,1684,276.53
World,OWID_WRL,1685,276.477
World,OWID_WRL,1686,276.426
World,OWID_WRL,1687,276.378
World,OWID_WRL,1688,276.333
World,OWID_WRL,1689,276.29
World,OWID_WRL,1690,276.251
World,OWID_WRL,1691,276.216
World,OWID_WRL,1692,276.184
World,OWID_WRL,1693,276.156
World,OWID_WRL,1694,276.131
World,OWID_WRL,1695,276.11
World,OWID_WRL,1696,276.093
World,OWID_WRL,1697,276.079
World,OWID_WRL,1698,276.07
World,OWID_WRL,1699,276.064
World,OWID_WRL,1700,276.062
World,OWID_WRL,1701,276.063
World,OWID_WRL,1702,276.069
World,OWID_WRL,1703,276.078
World,OWID_WRL,1704,276.092
World,OWID_WRL,1705,276.109
World,OWID_WRL,1706,276.13
World,OWID_WRL,1707,276.156
World,OWID_WRL,1708,276.185
World,OWID_WRL,1709,276.218
World,OWID_WRL,1710,276.256
World,OWID_WRL,1711,276.298
World,OWID_WRL,1712,276.343
World,OWID_WRL,1713,276.394
World,OWID_WRL,1714,276.448
World,OWID_WRL,1715,276.506
World,OWID_WRL,1716,276.569
World,OWID_WRL,1717,276.636
World,OWID_WRL,1718,276.707
World,OWID_WRL,1719,276.783
World,OWID_WRL,1720,276.863
World,OWID_WRL,1721,276.948
World,OWID_WRL,1722,277.037
World,OWID_WRL,1723,277.13
World,OWID_WRL,1724,277.227
World,OWID_WRL,1725,277.325
World,OWID_WRL,1726,277.422
World,OWID_WRL,1727,277.515
World,OWID_WRL,1728,277.6
World,OWID_WRL,1729,277.676
World,OWID_WRL,1730,277.739
World,OWID_WRL,1731,277.787
World,OWID_WRL,1732,277.817
World,OWID_WRL,1733,277.826
World,OWID_WRL,1734,277.811
World,OWID_WRL,1735,277.771
World,OWID_WRL,1736,277.709
World,OWID_WRL,1737,277.627
World,OWID_WRL,1738,277.531
World,OWID_WRL,1739,277.424
World,OWID_WRL,1740,277.311
World,OWID_WRL,1741,277.195
World,OWID_WRL,1742,277.082
World,OWID_WRL,1743,276.973
World,OWID_WRL,1744,276.874
World,OWID_WRL,1745,276.783
World,OWID_WRL,1746,276.7
World,OWID_WRL,1747,276.625
World,OWID_WRL,1748,276.557
World,OWID_WRL,1749,276.498
World,OWID_WRL,1750,276.445
World,OWID_WRL,1751,276.401
World,OWID_WRL,1752,276.363
World,OWID_WRL,1753,276.332
World,OWID_WRL,1754,276.307
World,OWID_WRL,1755,276.291
World,OWID_WRL,1756,276.281
World,OWID_WRL,1757,276.28
World,OWID_WRL,1758,276.286
World,OWID_WRL,1759,276.301
World,OWID_WRL,1760,276.324
World,OWID_WRL,1761,276.356
World,OWID_WRL,1762,276.397
World,OWID_WRL,1763,276.447
World,OWID_WRL,1764,276.507
World,OWID_WRL,1765,276.575
World,OWID_WRL,1766,276.649
World,OWID_WRL,1767,276.726
World,OWID_WRL,1768,276.806
World,OWID_WRL,1769,276.884
World,OWID_WRL,1770,276.96
World,OWID_WRL,1771,277.03
World,OWID_WRL,1772,277.093
World,OWID_WRL,1773,277.146
World,OWID_WRL,1774,277.187
World,OWID_WRL,1775,277.217
World,OWID_WRL,1776,277.243
World,OWID_WRL,1777,277.272
World,OWID_WRL,1778,277.312
World,OWID_WRL,1779,277.371
World,OWID_WRL,1780,277.456
World,OWID_WRL,1781,277.575
World,OWID_WRL,1782,277.729
World,OWID_WRL,1783,277.915
World,OWID_WRL,1784,278.128
World,OWID_WRL,1785,278.364
World,OWID_WRL,1786,278.618
World,OWID_WRL,1787,278.885
World,OWID_WRL,1788,279.162
World,OWID_WRL,1789,279.443
World,OWID_WRL,1790,279.724
World,OWID_WRL,1791,280
World,OWID_WRL,1792,280.268
World,OWID_WRL,1793,280.521
World,OWID_WRL,1794,280.757
World,OWID_WRL,1795,280.97
World,OWID_WRL,1796,281.163
World,OWID_WRL,1797,281.342
World,OWID_WRL,1798,281.514
World,OWID_WRL,1799,281.685
World,OWID_WRL,1800,281.863
World,OWID_WRL,1801,282.05
World,OWID_WRL,1802,282.242
World,OWID_WRL,1803,282.436
World,OWID_WRL,1804,282.628
World,OWID_WRL,1805,282.814
World,OWID_WRL,1806,282.991
World,OWID_WRL,1807,283.156
World,OWID_WRL,1808,283.303
World,OWID_WRL,1809,283.431
World,OWID_WRL,1810,283.534
World,OWID_WRL,1811,283.61
World,OWID_WRL,1812,283.655
World,OWID_WRL,1813,283.665
World,OWID_WRL,1814,283.637
World,OWID_WRL,1815,283.567
World,OWID_WRL,1816,283.461
World,OWID_WRL,1817,283.326
World,OWID_WRL,1818,283.17
World,OWID_WRL,1819,283.002
World,OWID_WRL,1820,282.828
World,OWID_WRL,1821,282.658
World,OWID_WRL,1822,282.499
World,OWID_WRL,1823,282.359
World,OWID_WRL,1824,282.245
World,OWID_WRL,1825,282.167
World,OWID_WRL,1826,282.131
World,OWID_WRL,1827,282.145
World,OWID_WRL,1828,282.206
World,OWID_WRL,1829,282.309
World,OWID_WRL,1830,282.448
World,OWID_WRL,1831,282.616
World,OWID_WRL,1832,282.809
World,OWID_WRL,1833,283.02
World,OWID_WRL,1834,283.244
World,OWID_WRL,1835,283.474
World,OWID_WRL,1836,283.708
World,OWID_WRL,1837,283.946
World,OWID_WRL,1838,284.187
World,OWID_WRL,1839,284.433
World,OWID_WRL,1840,284.681
World,OWID_WRL,1841,284.93
World,OWID_WRL,1842,285.178
World,OWID_WRL,1843,285.423
World,OWID_WRL,1844,285.664
World,OWID_WRL,1845,285.9
World,OWID_WRL,1846,286.142
World,OWID_WRL,1847,286.397
World,OWID_WRL,1848,286.648
World,OWID_WRL,1849,286.874
World,OWID_WRL,1850,287.058
World,OWID_WRL,1851,287.19
World,OWID_WRL,1852,287.263
World,OWID_WRL,1853,287.272
World,OWID_WRL,1854,287.223
World,OWID_WRL,1855,287.129
World,OWID_WRL,1856,287.002
World,OWID_WRL,1857,286.853
World,OWID_WRL,1858,286.694
World,OWID_WRL,1859,286.534
World,OWID_WRL,1860,286.386
World,OWID_WRL,1861,286.258
World,OWID_WRL,1862,286.162
World,OWID_WRL,1863,286.107
World,OWID_WRL,1864,286.104
World,OWID_WRL,1865,286.161
World,OWID_WRL,1866,286.278
World,OWID_WRL,1867,286.454
World,OWID_WRL,1868,286.685
World,OWID_WRL,1869,286.954
World,OWID_WRL,1870,287.239
World,OWID_WRL,1871,287.53
World,OWID_WRL,1872,287.815
World,OWID_WRL,1873,288.087
World,OWID_WRL,1874,288.332
World,OWID_WRL,1875,288.534
World,OWID_WRL,1876,288.699
World,OWID_WRL,1877,288.837
World,OWID_WRL,1878,288.959
World,OWID_WRL,1879,289.076
World,OWID_WRL,1880,289.199
World,OWID_WRL,1881,289.339
World,OWID_WRL,1882,289.507
World,OWID_WRL,1883,289.715
World,OWID_WRL,1884,289.972
World,OWID_WRL,1885,290.289
World,OWID_WRL,1886,290.664
World,OWID_WRL,1887,291.088
World,OWID_WRL,1888,291.552
World,OWID_WRL,1889,292.046
World,OWID_WRL,1890,292.558
World,OWID_WRL,1891,293.078
World,OWID_WRL,1892,293.591
World,OWID_WRL,1893,294.085
World,OWID_WRL,1894,294.548
World,OWID_WRL,1895,294.965
World,OWID_WRL,1896,295.313
World,OWID_WRL,1897,295.575
World,OWID_WRL,1898,295.767
World,OWID_WRL,1899,295.91
World,OWID_WRL,1900,296.026
World,OWID_WRL,1901,296.139
World,OWID_WRL,1902,296.276
World,OWID_WRL,1903,296.457
World,OWID_WRL,1904,296.697
World,OWID_WRL,1905,296.998
World,OWID_WRL,1906,297.351
World,OWID_WRL,1907,297.738
World,OWID_WRL,1908,298.144
World,OWID_WRL,1909,298.552
World,OWID_WRL,1910,298.952
World,OWID_WRL,1911,299.353
World,OWID_WRL,1912,299.769
World,OWID_WRL,1913,300.206
World,OWID_WRL,1914,300.66
World,OWID_WRL,1915,301.126
World,OWID_WRL,1916,301.595
World,OWID_WRL,1917,302.059
World,OWID_WRL,1918,302.507
World,OWID_WRL,1919,302.93
World,OWID_WRL,1920,303.325
World,OWID_WRL,1921,303.699
World,OWID_WRL,1922,304.06
World,OWID_WRL,1923,304.417
World,OWID_WRL,1924,304.777
World,OWID_WRL,1925,305.135
World,OWID_WRL,1926,305.491
World,OWID_WRL,1927,305.841
World,OWID_WRL,1928,306.185
World,OWID_WRL,1929,306.522
World,OWID_WRL,1930,306.852
World,OWID_WRL,1931,307.185
World,OWID_WRL,1932,307.526
World,OWID_WRL,1933,307.881
World,OWID_WRL,1934,308.257
World,OWID_WRL,1935,308.651
World,OWID_WRL,1936,309.052
World,OWID_WRL,1937,309.448
World,OWID_WRL,1938,309.821
World,OWID_WRL,1939,310.153
World,OWID_WRL,1940,310.422
World,OWID_WRL,1941,310.622
World,OWID_WRL,1942,310.762
World,OWID_WRL,1943,310.855
World,OWID_WRL,1944,310.916
World,OWID_WRL,1945,310.965
World,OWID_WRL,1946,311.022
World,OWID_WRL,1947,311.099
World,OWID_WRL,1948,311.208
World,OWID_WRL,1949,311.356
World,OWID_WRL,1950,311.543
World,OWID_WRL,1951,311.764
World,OWID_WRL,1952,312.025
World,OWID_WRL,1953,312.337
World,OWID_WRL,1954,312.709
World,OWID_WRL,1955,313.143
World,OWID_WRL,1956,313.633
World,OWID_WRL,1957,314.172
World,OWID_WRL,1958,314.757
World,OWID_WRL,1959,315.383
World,OWID_WRL,1960,316.042
World,OWID_WRL,1961,316.725
World,OWID_WRL,1962,317.428
World,OWID_WRL,1963,318.153
World,OWID_WRL,1964,318.903
World,OWID_WRL,1965,319.686
World,OWID_WRL,1966,320.51
World,OWID_WRL,1967,321.378
World,OWID_WRL,1968,322.292
World,OWID_WRL,1969,323.252
World,OWID_WRL,1970,324.257
World,OWID_WRL,1971,325.306
World,OWID_WRL,1972,326.397
World,OWID_WRL,1973,327.532
World,OWID_WRL,1974,328.709
World,OWID_WRL,1975,329.929
World,OWID_WRL,1976,331.195
World,OWID_WRL,1977,332.513
World,OWID_WRL,1978,333.88
World,OWID_WRL,1979,335.291
World,OWID_WRL,1980,336.735
World,OWID_WRL,1981,338.204
World,OWID_WRL,1982,339.691
World,OWID_WRL,1983,341.194
World,OWID_WRL,1984,342.711
World,OWID_WRL,1985,344.236
World,OWID_WRL,1986,345.765
World,OWID_WRL,1987,347.293
World,OWID_WRL,1988,348.811
World,OWID_WRL,1989,350.307
World,OWID_WRL,1990,351.772
World,OWID_WRL,1991,353.212
World,OWID_WRL,1992,354.638
World,OWID_WRL,1993,356.071
World,OWID_WRL,1994,357.534
World,OWID_WRL,1995,359.046
World,OWID_WRL,1996,360.615
World,OWID_WRL,1997,362.24
World,OWID_WRL,1998,363.923
World,OWID_WRL,1999,365.656
World,OWID_WRL,2000,367.43
World,OWID_WRL,2001,369.245
World,OWID_WRL,2002,371.102
World,OWID_WRL,2003,372.998
World,OWID_WRL,2004,374.925
World,OWID_WRL,2005,376.876
World,OWID_WRL,2006,378.847
World,OWID_WRL,2007,380.836
World,OWID_WRL,2008,382.849
World,OWID_WRL,2009,384.892
World,OWID_WRL,2010,386.976
World,OWID_WRL,2011,389.11
World,OWID_WRL,2012,391.302
World,OWID_WRL,2013,393.553
World,OWID_WRL,2014,395.857
World,OWID_WRL,2015,398.205
World,OWID_WRL,2016,400.585
World,OWID_WRL,2017,402.982
World,OWID_WRL,2018,405.385